{
    "nn_config":
    {
        "output_format" : "detection",
        "NN_family" : "mobilenet",
        "confidence_threshold" : 0.5,
        "input_size": "300x300"
    },
    "mappings":
    {
        "labels":
        [
            "background",
            "aeroplane",
            "bicycle",
            "bird",
            "boat",
            "bottle",
            "bus",
            "car",
            "cat",
            "chair",
            "cow",
            "diningtable",
            "dog",
            "horse",
            "motorbike",
            "person",
            "pottedplant",
            "sheep",
            "sofa",
            "train",
            "tvmonitor"
        ]
    }
}

